Transaction Date,Post Date,Description,Category,Type,Amount,Memo
12/30/2022,12/30/2022,CHIPOTLE ONLINE,Food & Drink,Sale,-14.85,
12/29/2022,12/30/2022,FRED MEYER,Groceries,Sale,-175.33,
12/28/2022,12/29/2022,FRED MEYER 0482,Groceries,Sale,-30.26,
12/27/2022,12/29/2022,ACT CITYOFHILLSBORO,Entertainment,Sale,-6.00,
12/27/2022,12/29/2022,SHELL OIL 57443145602,Gas,Sale,-60.59,
12/26/2022,12/28/2022,2LEVY AT OMZ,Food & Drink,Sale,-17.00,
12/27/2022,12/28/2022,TARGET        00003442,Shopping,Sale,-5.99,
12/27/2022,12/28/2022,TARGET        00003442,Shopping,Sale,-16.70,
12/26/2022,12/28/2022,A DOGS HIDE A WAY LLC,Personal,Sale,-40.00,
12/27/2022,12/28/2022,TARGET        00003442,Shopping,Sale,-1.79,
12/26/2022,12/27/2022,ZIPLY FIBER * INTERNET,Bills & Utilities,Sale,-80.00,
12/26/2022,12/27/2022,Payment Thank You-Mobile,,Payment,1419.67,
12/27/2022,12/27/2022,AMZN Mktp US*1E6KE7FQ3,Shopping,Sale,-28.72,
12/23/2022,12/25/2022,APPLE.COM/BILL,Entertainment,Sale,-6.99,
12/22/2022,12/25/2022,1 800 PETMEDS,Personal,Sale,-67.99,
12/23/2022,12/25/2022,GOOGLE *YouTube TV,Entertainment,Sale,-84.98,
12/24/2022,12/25/2022,FRED MEYER 0482,Groceries,Sale,-200.04,
12/23/2022,12/23/2022,WWW COSTCO COM,Shopping,Sale,-44.99,
12/23/2022,12/23/2022,WWW COSTCO COM,Shopping,Sale,-29.99,
12/22/2022,12/23/2022,WWW COSTCO COM,Shopping,Sale,-31.99,
12/22/2022,12/23/2022,WHOLEFDS TAN 10327,Groceries,Sale,-73.68,
12/22/2022,12/23/2022,SP KATE QUINN,Shopping,Sale,-65.99,
12/21/2022,12/22/2022,WASTE MGMT WM EZPAY,Bills & Utilities,Sale,-81.74,
12/21/2022,12/22/2022,THE UPS STORE 1261,Personal,Sale,-25.20,
12/21/2022,12/22/2022,Amazon.com*OS1ZU33I3,Shopping,Sale,-10.98,
12/21/2022,12/22/2022,CRUMBL* TANASBOURNE,Groceries,Sale,-18.25,
12/21/2022,12/22/2022,Amazon.com*DB6RA5R23,Shopping,Sale,-18.49,
12/21/2022,12/22/2022,UNIVERSAL CYCLES,Shopping,Sale,-93.80,
12/21/2022,12/22/2022,HEALTHY PAWS PET INSURAN,Bills & Utilities,Sale,-72.40,
12/20/2022,12/21/2022,SUNSET PEDIATRICS,Health & Wellness,Sale,-1.91,
12/20/2022,12/21/2022,PAYPAL *FARBERSWIM,Home,Sale,-85.00,
12/20/2022,12/21/2022,VCA ROCK CREEK AH# 924,Personal,Sale,-297.61,
12/20/2022,12/20/2022,Payment Thank You-Mobile,,Payment,1238.75,
12/19/2022,12/20/2022,Amazon.com*7978Y4E23,Shopping,Sale,-5.99,
12/19/2022,12/20/2022,Amazon.com*P484774X3,Shopping,Sale,-9.99,
12/19/2022,12/20/2022,AMZN Mktp US*1S4OR2453,Shopping,Sale,-14.99,
12/19/2022,12/20/2022,Amazon.com*ML1NB5713,Shopping,Sale,-11.00,
12/20/2022,12/20/2022,SHUTTERFLY  INC.,Shopping,Sale,-32.84,
12/20/2022,12/20/2022,SHUTTERFLY  INC.,Shopping,Sale,-32.84,
12/17/2022,12/19/2022,THE UPS STORE 1261,Personal,Sale,-27.89,
12/19/2022,12/19/2022,Amazon.com*IB31U6OB3,Shopping,Sale,-80.00,
12/18/2022,12/19/2022,FRED MEYER 0482,Groceries,Sale,-22.47,
12/17/2022,12/19/2022,FRED MEYER 0482,Groceries,Sale,-81.24,
12/17/2022,12/19/2022,CHICK-FIL-A #03984,Food & Drink,Sale,-20.93,
12/18/2022,12/19/2022,FRED MEYER 0482,Groceries,Sale,-173.76,
12/18/2022,12/18/2022,Columbia 425,Shopping,Sale,-448.00,
12/17/2022,12/18/2022,SP JACOBSEN SALT CO.,Groceries,Sale,-61.83,
12/16/2022,12/18/2022,GOOGLE *YouTubePremium,Entertainment,Sale,-11.99,
12/16/2022,12/18/2022,Amazon.com*7I6BC5TN3,Shopping,Sale,-17.59,
12/17/2022,12/18/2022,DTV*NFLSUNDAYTICKET.TV,Bills & Utilities,Sale,-28.24,
12/16/2022,12/18/2022,SAFEWAY #1230,Groceries,Sale,-44.55,
12/17/2022,12/18/2022,Amazon.com*HA8WL1TQ1,Shopping,Sale,-7.99,
12/16/2022,12/18/2022,Amazon.com*TC0RE8T93,Shopping,Sale,-9.97,
12/15/2022,12/18/2022,SAFEWAY #1230,Groceries,Sale,-46.24,
12/16/2022,12/16/2022,CHIPOTLE ONLINE,Food & Drink,Sale,-38.20,
12/15/2022,12/15/2022,Payment Thank You-Mobile,,Payment,843.25,
12/14/2022,12/15/2022,TRG LLC PORTLAND 2,Health & Wellness,Sale,-10.02,
12/14/2022,12/15/2022,WEST HILLSALLERGY&amp;ASTHMA2,Health & Wellness,Sale,-26.77,
12/14/2022,12/15/2022,AMZN Mktp US*F228G1ZO3,Shopping,Sale,-12.99,
12/13/2022,12/15/2022,A DOGS HIDE A WAY LLC,Personal,Sale,-40.00,
12/13/2022,12/15/2022,CHICK-FIL-A #03984,Food & Drink,Sale,-12.09,
12/14/2022,12/15/2022,AMZN Mktp US*FX8ZD0PD3,Shopping,Sale,-15.99,
12/14/2022,12/14/2022,KiwiCo  Inc.,Education,Sale,-69.80,
12/13/2022,12/14/2022,KUDOBOARD,Shopping,Sale,-11.11,
12/12/2022,12/14/2022,2LEVY AT OMZ,Food & Drink,Sale,-19.80,
12/13/2022,12/14/2022,SQ *CARLSON CHILDREN'S CO,Entertainment,Sale,-14.50,
12/14/2022,12/14/2022,CHEWY.COM,Shopping,Sale,-77.34,
12/13/2022,12/14/2022,KUDOBOARD,Shopping,Sale,-11.11,
12/13/2022,12/14/2022,APPLE.COM/BILL,Shopping,Sale,-10.99,
12/12/2022,12/14/2022,CRACKER BARREL #737,Food & Drink,Sale,-7.99,
12/13/2022,12/14/2022,PICTURE U COM INC,Shopping,Sale,-15.00,
12/12/2022,12/14/2022,CRACKER BARREL #737,Food & Drink,Sale,-27.69,
12/12/2022,12/13/2022,WASHINGTON PARK MOBILE,Travel,Sale,-6.50,
12/12/2022,12/13/2022,AMZN Mktp US*5H45D9LS3,Shopping,Sale,-28.99,
12/12/2022,12/13/2022,PANERA BREAD #202151 O,Food & Drink,Sale,-37.58,
12/12/2022,12/13/2022,SQ *VERDE COCINA AT SYLVA,Food & Drink,Sale,-43.66,
12/13/2022,12/13/2022,PAYPAL *FARBERSWIM,Home,Sale,-18.25,
12/12/2022,12/13/2022,Amazon.com*1R49X8SB3,Shopping,Sale,-13.98,
12/10/2022,12/12/2022,LOYAL LEGION,Food & Drink,Sale,-86.40,
12/11/2022,12/12/2022,Microsoft G017070421,Shopping,Sale,-28.74,
12/11/2022,12/12/2022,FRED MEYER 0482,Groceries,Sale,-152.88,
12/11/2022,12/12/2022,SPACE AGE#23,Gas,Sale,-51.17,
12/12/2022,12/12/2022,Prime Video*8Y5QN1OB3,Shopping,Sale,-8.99,
12/11/2022,12/11/2022,Payment Thank You-Mobile,,Payment,922.26,
12/10/2022,12/11/2022,PAYPAL *FARBERSWIM,Home,Sale,-54.75,
12/11/2022,12/11/2022,UNIVERSAL PARKING,Travel,Sale,-5.00,
12/09/2022,12/11/2022,Amazon.com*X84PR9WG3,Shopping,Sale,-11.72,
12/09/2022,12/11/2022,APPLE.COM/BILL,Shopping,Sale,-2.99,
12/10/2022,12/11/2022,PETSMART # 2051,Shopping,Sale,-11.49,
12/10/2022,12/11/2022,APPLE.COM/BILL,Entertainment,Sale,-9.99,
12/09/2022,12/11/2022,INTEL RA3 CAFE,Food & Drink,Sale,-4.84,
12/07/2022,12/09/2022,A DOGS HIDE A WAY LLC,Personal,Sale,-40.00,
12/07/2022,12/09/2022,INTEL RA4 CAFE,Food & Drink,Sale,-6.00,
12/07/2022,12/09/2022,SBUX PROV ST VINCENT MC,Food & Drink,Sale,-3.65,
12/08/2022,12/09/2022,AMZN Mktp US*UA76N6VF3,Shopping,Sale,-25.99,
12/07/2022,12/09/2022,OREGON ZOO ECOMMERCE,Entertainment,Sale,-33.60,
12/07/2022,12/08/2022,Amazon.com*L905580Q3,Shopping,Sale,-11.99,
12/07/2022,12/08/2022,TARGET        00003459,Shopping,Sale,-4.99,
12/07/2022,12/08/2022,SPACE AGE#23,Gas,Sale,-44.07,
12/05/2022,12/08/2022,ALASKA AIR  0272319066252,Travel,Return,198.60,
12/07/2022,12/08/2022,CASCADE BIKES INC,Shopping,Sale,-35.00,
12/07/2022,12/07/2022,CHIPOTLE ONLINE,Food & Drink,Sale,-29.45,
12/06/2022,12/07/2022,Peacock FB2B2 Premium,Bills & Utilities,Sale,-4.99,
12/04/2022,12/07/2022,A DOGS HIDE A WAY LLC,Personal,Sale,-10.00,
12/06/2022,12/07/2022,Amazon.com*I12713YF3,Shopping,Sale,-7.87,
12/06/2022,12/07/2022,SP LITTLE SLEEPIES,Shopping,Sale,-32.30,
12/06/2022,12/06/2022,Payment Thank You-Mobile,,Payment,20.57,
12/05/2022,12/06/2022,Amazon.com*XI35E9MD3,Shopping,Sale,-6.97,
12/04/2022,12/06/2022,ALASKA AIR  0272319067226,Travel,Sale,-98.60,
12/05/2022,12/06/2022,FRED MEYER,Groceries,Sale,-153.42,
12/04/2022,12/06/2022,ALASKA AIR  0272319066252,Travel,Sale,-198.60,
12/04/2022,12/06/2022,ALASKA AIR  0272319075803,Travel,Sale,-229.60,
12/05/2022,12/06/2022,WILDWOOD TAPHOUSE,Food & Drink,Sale,-23.00,
12/05/2022,12/06/2022,WILDWOOD TAPHOUSE,Food & Drink,Sale,-16.50,
12/05/2022,12/06/2022,Amazon.com*G68X87Z63,Shopping,Sale,-6.94,
12/06/2022,12/06/2022,AMZN Mktp US*L719K1Q63,Shopping,Sale,-18.99,
12/06/2022,12/06/2022,AMZN Mktp US*HD3Q43W03,Shopping,Sale,-63.95,
12/06/2022,12/06/2022,AMZN Mktp US*CD6GE5HO3,Shopping,Sale,-14.39,
12/05/2022,12/05/2022,Payment Thank You-Mobile,,Payment,1819.95,
12/04/2022,12/05/2022,Amazon.com*1C2T14XO3,Shopping,Sale,-7.99,
12/03/2022,12/05/2022,SAFEWAY #1230,Groceries,Sale,-2.59,
12/05/2022,12/05/2022,APPLE.COM/BILL,Entertainment,Sale,-9.99,
12/03/2022,12/04/2022,Amazon.com*ZS47X0P43,Shopping,Sale,-16.33,
12/02/2022,12/04/2022,INTEL RA3 CAFE,Food & Drink,Sale,-6.95,
12/03/2022,12/04/2022,Amazon.com*AP0BB6FS3,Shopping,Sale,-14.13,
12/03/2022,12/04/2022,CHEGG  ORDER,Shopping,Sale,-19.95,
12/03/2022,12/04/2022,Amazon.com*F30WC50K3,Shopping,Sale,-19.99,
12/04/2022,12/04/2022,Amazon.com*HS1TO0ZT3,Shopping,Sale,-13.89,
12/02/2022,12/04/2022,SP LITTLE SLEEPIES,Shopping,Sale,-83.30,
12/03/2022,12/04/2022,FRED MEYER 0482,Groceries,Sale,-86.75,
12/02/2022,12/04/2022,STATE FARM  INSURANCE,Bills & Utilities,Sale,-156.04,
12/01/2022,12/02/2022,THE ATHLETIC,Entertainment,Sale,-1.00,
11/30/2022,12/02/2022,JIMMY JOHNS - 1510 - E,Food & Drink,Sale,-27.03,
12/01/2022,12/02/2022,ATT*BILL PAYMENT,Bills & Utilities,Sale,-233.96,
12/01/2022,12/02/2022,CKO*Patreon* Membership,Entertainment,Sale,-5.28,
11/29/2022,12/02/2022,EXXONMOBIL    97600266,Gas,Sale,-32.24,
12/01/2022,12/02/2022,PORTLAND GENERAL ELECTRIC,Bills & Utilities,Sale,-157.26,
11/30/2022,12/01/2022,MED*PROVIDENCE HLTH SRVC,Health & Wellness,Sale,-141.91,
11/29/2022,12/01/2022,ALASKA AIR  0272318584332,Travel,Sale,-30.00,
11/29/2022,12/01/2022,MIKE HESS BREWING - SEAPO,Food & Drink,Sale,-57.00,
11/29/2022,12/01/2022,ALASKA AIR  0272318584331,Travel,Sale,-30.00,
11/29/2022,12/01/2022,ACE PARKING 1507,Travel,Sale,-16.00,
11/29/2022,12/01/2022,ALASKA AIR  0274401217518,Travel,Sale,-38.99,
11/29/2022,12/01/2022,SD NATURAL HISTORY MUS,Entertainment,Sale,-44.00,
11/29/2022,12/01/2022,ALASKA AIR  0274401217517,Travel,Sale,-38.99,
11/30/2022,12/01/2022,APPLE.COM/BILL,Entertainment,Sale,-19.99,
11/30/2022,12/01/2022,APPLE.COM/BILL,Entertainment,Sale,-15.99,
11/30/2022,12/01/2022,FRED MEYER 0482,Groceries,Sale,-112.86,
11/29/2022,12/01/2022,PRINCESS PUB &amp; GRILLE,Food & Drink,Sale,-86.89,
11/30/2022,12/01/2022,STARBUCKS 800-782-7282,Food & Drink,Sale,-25.00,
11/29/2022,12/01/2022,SAN PEETS COFFEE T2E 4310,Food & Drink,Sale,-17.70,
11/30/2022,11/30/2022,Payment Thank You-Mobile,,Payment,582.62,
11/29/2022,11/30/2022,TST* BALLAST POINT LITTLE,Food & Drink,Sale,-65.79,
11/29/2022,11/30/2022,ACE PARKING 1473,Travel,Sale,-25.00,
11/29/2022,11/30/2022,TST* BALLAST POINT LITTLE,Food & Drink,Sale,-44.04,
11/29/2022,11/30/2022,GEPPETTOS SEAPORT VLGE,Shopping,Sale,-8.61,
11/29/2022,11/30/2022,SQ *DANIEL'S COFFEE CART,Food & Drink,Sale,-9.25,
11/29/2022,11/30/2022,SQ *FROST ME CAFE AND BAK,Food & Drink,Sale,-30.00,
11/28/2022,11/30/2022,STARBUCKS STORE 05638,Food & Drink,Sale,-18.90,
11/28/2022,11/30/2022,SEAWORLD-MRCHDSE,Entertainment,Sale,-9.69,
11/28/2022,11/30/2022,SEAWORLD-MRCHDSE,Entertainment,Sale,-26.93,
11/28/2022,11/30/2022,SEAWORLD SAN DIEGO,Entertainment,Sale,-32.32,
11/27/2022,11/29/2022,SEAWORLD SAN DIEGO,Entertainment,Sale,-169.96,
11/28/2022,11/29/2022,TST* THE ORIGINAL 40 BREW,Food & Drink,Sale,-92.60,
11/28/2022,11/29/2022,Payment Thank You - Web,,Payment,809.62,
11/27/2022,11/29/2022,TST* Coffee Cup Cafe,Food & Drink,Sale,-63.80,
11/27/2022,11/29/2022,VONS #2364,Groceries,Sale,-18.94,
11/27/2022,11/28/2022,PARKWHIZ  INC.,Travel,Sale,-20.75,
11/26/2022,11/28/2022,SD ZOO ELPODY FS1118,Food & Drink,Sale,-29.07,
11/26/2022,11/28/2022,SD ZOO CANYON CAFE,Food & Drink,Sale,-33.38,
11/27/2022,11/28/2022,SQ *BOBBOI NATURAL GELATO,Food & Drink,Sale,-21.30,
11/26/2022,11/28/2022,SD ZOO SKYWEST,Food & Drink,Sale,-12.48,
11/26/2022,11/28/2022,SD ZOO TREEHOUSEFS,Food & Drink,Sale,-14.54,
11/27/2022,11/28/2022,TST* BETTER BUZZ LA JOLLA,Food & Drink,Sale,-12.70,
11/26/2022,11/28/2022,SD ZOO CANYON CAFE,Food & Drink,Sale,-29.07,
11/27/2022,11/28/2022,SD ZOO ZOO STORE,Shopping,Sale,-10.72,
11/26/2022,11/28/2022,SD ZOO SAFARI KITCHEN,Food & Drink,Sale,-20.48,
11/27/2022,11/28/2022,SQ *ONLY COCONUT CALIFORN,Food & Drink,Sale,-16.20,
11/26/2022,11/28/2022,SD ZOO CANYON CAFE,Food & Drink,Sale,-11.63,
11/27/2022,11/28/2022,LAZ PARKING 140477,Travel,Sale,-5.00,
11/25/2022,11/27/2022,STARBUCKS STORE 23916,Food & Drink,Sale,-3.70,
11/25/2022,11/27/2022,SANTA'S WORKSHOP,Shopping,Sale,-20.32,
11/25/2022,11/27/2022,STARBUCKS STORE 23916,Food & Drink,Sale,-11.65,
11/24/2022,11/27/2022,ALASKA AIR  0272318033123,Travel,Sale,-30.00,
11/24/2022,11/27/2022,ALASKA AIR  0272318033122,Travel,Sale,-30.00,
11/25/2022,11/27/2022,USS MIDWAY MUSEUM,Shopping,Sale,-19.00,
11/25/2022,11/27/2022,TARGET        00033027,Shopping,Sale,-91.75,
11/26/2022,11/27/2022,TST* SAN DIEGO BURGER COM,Food & Drink,Sale,-6.32,
11/26/2022,11/27/2022,TST* SAN DIEGO BURGER COM,Food & Drink,Sale,-36.96,
11/24/2022,11/27/2022,SAFEWAY #1230,Groceries,Sale,-37.58,
11/25/2022,11/27/2022,USS MIDWAY MUSEUM,Entertainment,Sale,-52.00,
11/25/2022,11/27/2022,SP LITTLE SLEEPIES,Shopping,Sale,-25.40,
11/25/2022,11/27/2022,STARBUCKS STORE 20089,Food & Drink,Sale,-9.70,
11/25/2022,11/27/2022,TARGET        00033027,Shopping,Sale,-23.25,
11/24/2022,11/25/2022,SP LITTLE SLEEPIES,Shopping,Sale,-46.20,
11/23/2022,11/24/2022,THE MEATING PLACE,Groceries,Sale,-50.70,
11/22/2022,11/24/2022,OMSI EXHIBIT,Shopping,Sale,-37.79,
11/23/2022,11/24/2022,FRED MEYER 0661,Groceries,Sale,-74.20,
11/23/2022,11/24/2022,76 - PLAID PANTRY 206,Gas,Sale,-71.54,
11/23/2022,11/24/2022,GOOGLE *YouTube TV,Shopping,Sale,-84.98,
11/21/2022,11/23/2022,FRED MEYER 0482,Groceries,Sale,-6.68,
11/21/2022,11/23/2022,JIMMY JOHNS - 1773,Food & Drink,Sale,-11.90,
11/22/2022,11/23/2022,SP LITTLE SLEEPIES,Shopping,Sale,-28.00,
11/23/2022,11/23/2022,Payment Thank You-Mobile,,Payment,824.19,
11/21/2022,11/22/2022,HEALTHY PAWS PET INSURAN,Bills & Utilities,Sale,-72.40,
11/20/2022,11/22/2022,SAFEWAY #1230,Groceries,Sale,-23.98,
11/21/2022,11/22/2022,FRED-MEYER #0375,Groceries,Sale,-2.95,
11/21/2022,11/22/2022,SP LITTLE SLEEPIES,Shopping,Sale,-95.20,
11/21/2022,11/22/2022,FRED MEYER 0375,Groceries,Sale,-199.27,
11/22/2022,11/22/2022,WWW.OMSI.EDU,Entertainment,Sale,-14.00,
11/20/2022,11/21/2022,STARBUCKS 800-782-7282,Food & Drink,Sale,-25.00,
11/21/2022,11/21/2022,NikePOS_US,Shopping,Sale,-170.65,
11/20/2022,11/21/2022,TST* Thirsty Lion Gastrop,Food & Drink,Sale,-50.22,
11/20/2022,11/21/2022,AMZN Mktp US*HI9TS8YX0,Shopping,Sale,-5.00,
11/18/2022,11/21/2022,A DOGS HIDE A WAY LLC,Personal,Sale,-40.00,
11/20/2022,11/21/2022,Amazon.com*HI4J43YP0,Shopping,Sale,-20.88,
11/19/2022,11/21/2022,CHICK-FIL-A #03984,Food & Drink,Sale,-28.80,
11/20/2022,11/21/2022,AMZN Mktp US*HI4R82KH1,Shopping,Sale,-13.59,
11/19/2022,11/20/2022,Payment Thank You-Mobile,,Payment,783.18,
11/19/2022,11/20/2022,WHOLEFDS TAN 10327,Groceries,Sale,-33.91,
11/19/2022,11/20/2022,Microsoft G016137293,Shopping,Sale,-21.55,
11/18/2022,11/20/2022,INTEL RA3 CAFE,Food & Drink,Sale,-6.79,
11/16/2022,11/18/2022,JIMMY JOHNS - 1510 - E,Food & Drink,Sale,-24.67,
11/18/2022,11/18/2022,DTV*NFLSUNDAYTICKET.TV,Bills & Utilities,Sale,-28.24,
11/18/2022,11/18/2022,CHIPOTLE ONLINE,Food & Drink,Sale,-43.52,
11/16/2022,11/17/2022,Amazon.com*HI6134PV0,Shopping,Sale,-7.99,
11/16/2022,11/17/2022,AMZN Mktp US*HI41P61C0,Shopping,Sale,-26.97,
11/16/2022,11/17/2022,FRED MEYER 0143,Groceries,Sale,-62.59,
11/16/2022,11/17/2022,GOOGLE *YouTubePremium,Entertainment,Sale,-11.99,
11/16/2022,11/16/2022,WWW.OBRA.ORG,Gifts & Donations,Sale,-42.00,
11/15/2022,11/16/2022,Amazon.com*HI2CM5CE1,Shopping,Sale,-24.94,
11/14/2022,11/15/2022,SAN DIEGO ZOO WEB STR,Shopping,Sale,-132.00,
11/14/2022,11/15/2022,Amazon.com*HI2Y46C60,Shopping,Sale,-6.29,
11/14/2022,11/15/2022,SP THE WOOBLES,Shopping,Sale,-36.91,
11/14/2022,11/15/2022,Amazon.com*HB5G52AC2,Shopping,Sale,-16.94,
11/14/2022,11/14/2022,Payment Thank You-Mobile,,Payment,1327.37,
11/13/2022,11/14/2022,AMZN Mktp US*HB21T7DP1,Shopping,Sale,-15.99,
11/11/2022,11/14/2022,A DOGS HIDE A WAY LLC,Personal,Sale,-40.00,
11/13/2022,11/14/2022,CSC SERVICEWORK,Food & Drink,Sale,-2.00,
11/13/2022,11/14/2022,CSC SERVICEWORK,Shopping,Sale,-2.00,
11/13/2022,11/14/2022,APPLE.COM/BILL,Shopping,Sale,-9.99,
11/13/2022,11/14/2022,Amazon.com*HB41N9DR1,Shopping,Sale,-29.99,
11/13/2022,11/14/2022,FRED MEYER 0482,Groceries,Sale,-203.17,
11/13/2022,11/14/2022,FRED MEYER 0482,Groceries,Sale,-14.99,
11/11/2022,11/13/2022,WASHINGTON PARK MOBILE,Travel,Sale,-6.10,
11/12/2022,11/13/2022,COSTCO GAS #0009,Gas,Sale,-57.05,
11/12/2022,11/13/2022,Prime Video*H262X7U22,Shopping,Sale,-8.99,
11/12/2022,11/13/2022,COSTCO WHSE #0009,Shopping,Sale,-161.29,
11/12/2022,11/13/2022,APPLE.COM/BILL,Entertainment,Sale,-9.99,
11/11/2022,11/13/2022,OREGON ZOO,Shopping,Sale,-79.20,
11/11/2022,11/13/2022,NOODLES &amp; CO 810,Food & Drink,Sale,-27.75,
11/10/2022,11/13/2022,INTEL RA4 CAFE,Food & Drink,Sale,-6.00,
11/13/2022,11/13/2022,Amazon.com*HB6CE77D0,Shopping,Sale,-9.20,
11/11/2022,11/13/2022,FRED MEYER 0661,Groceries,Sale,-78.44,
11/10/2022,11/11/2022,CHEWY.COM,Shopping,Sale,-107.06,
11/11/2022,11/11/2022,CHIPOTLE ONLINE,Food & Drink,Sale,-42.12,
11/10/2022,11/11/2022,APPLE.COM/BILL,Shopping,Sale,-2.99,
11/10/2022,11/11/2022,QDOBA 2244 OLO,Food & Drink,Sale,-41.11,
11/07/2022,11/09/2022,SAFEWAY #1230,Groceries,Sale,-5.99,
11/08/2022,11/09/2022,Amazon.com*H22S86JO2,Shopping,Sale,-25.99,
11/08/2022,11/09/2022,STATE FARM  INSURANCE,Bills & Utilities,Sale,-156.04,
11/08/2022,11/09/2022,ZIPLY FIBER * INTERNET,Bills & Utilities,Sale,-266.36,
11/08/2022,11/08/2022,Payment Thank You-Mobile,,Payment,608.50,
11/07/2022,11/08/2022,FRED MEYER,Groceries,Sale,-190.82,
11/06/2022,11/08/2022,TST* Killer Burger - Tana,Food & Drink,Sale,-44.88,
11/07/2022,11/07/2022,Payment Thank You-Mobile,,Payment,1726.41,
11/06/2022,11/07/2022,Peacock 384DF Premium,Bills & Utilities,Sale,-4.99,
11/04/2022,11/07/2022,A DOGS HIDE A WAY LLC,Personal,Sale,-520.00,
11/07/2022,11/07/2022,WWW.OBRA.ORG,Gifts & Donations,Sale,-42.00,
11/05/2022,11/07/2022,CHICK-FIL-A #03984,Food & Drink,Sale,-25.76,
11/06/2022,11/07/2022,STARBUCKS 800-782-7282,Food & Drink,Sale,-15.75,
11/06/2022,11/06/2022,UBER   EATS,Food & Drink,Sale,-44.96,
11/05/2022,11/06/2022,APPLE.COM/BILL,Entertainment,Sale,-9.99,
11/05/2022,11/06/2022,TARGET.COM  *,Shopping,Sale,-34.49,
11/05/2022,11/06/2022,SQ *FARBER SWIM SCHOOL,Professional Services,Sale,-12.00,
11/03/2022,11/04/2022,AMZN Mktp US*H06EL5H12,Shopping,Sale,-15.99,
11/04/2022,11/04/2022,Amazon.com*H29XZ2AA1,Shopping,Sale,-64.99,
11/03/2022,11/04/2022,PAYPAL *FARBERSWIM,Home,Sale,-36.50,
11/03/2022,11/04/2022,AMZN Mktp US*H22OB4PB0,Shopping,Sale,-11.99,
11/03/2022,11/04/2022,76 - PLAID PANTRY 206,Gas,Sale,-78.12,
11/03/2022,11/03/2022,Payment Thank You-Mobile,,Payment,1035.96,
11/02/2022,11/03/2022,AIRBNB  HMK2BEBTTW,Travel,Sale,-1385.75,
11/02/2022,11/03/2022,Amazon.com*H25HP10P0,Shopping,Sale,-14.64,
11/02/2022,11/03/2022,AMZN Mktp US*H261M5LH1,Shopping,Sale,-16.99,
11/01/2022,11/02/2022,PORTLAND GENERAL ELECTRIC,Bills & Utilities,Sale,-161.95,
11/01/2022,11/02/2022,THE ATHLETIC,Entertainment,Sale,-1.00,
11/01/2022,11/02/2022,CKO*Patreon* Membership,Entertainment,Sale,-5.28,
11/01/2022,11/02/2022,SQ *SMITH TEAMAKER WA,Groceries,Sale,-19.19,
11/01/2022,11/02/2022,AMZN Mktp US*H29BD8NP0,Shopping,Sale,-16.99,
11/01/2022,11/02/2022,Amazon.com*H02H12AL2,Shopping,Sale,-21.66,
11/01/2022,11/01/2022,APPLE.COM/BILL,Entertainment,Sale,-15.99,
10/31/2022,11/01/2022,Amazon.com*H01SW42O1,Shopping,Sale,-27.42,
10/31/2022,11/01/2022,HARDCORELAB,Shopping,Sale,-39.95,
10/31/2022,11/01/2022,ATT*BILL PAYMENT,Bills & Utilities,Sale,-233.96,
10/31/2022,11/01/2022,FRED MEYER,Groceries,Sale,-166.24,
10/31/2022,10/31/2022,Payment Thank You-Mobile,,Payment,165.81,
10/29/2022,10/31/2022,AVA ROASTERIA ORENCO LLC,Food & Drink,Sale,-14.40,
10/29/2022,10/31/2022,PIZZA SCHMIZZA,Food & Drink,Sale,-63.00,
10/30/2022,10/31/2022,SQ *AUTUMN COFFEE ROASTIN,Food & Drink,Sale,-5.75,
10/30/2022,10/31/2022,APPLE.COM/BILL,Entertainment,Sale,-19.99,
10/30/2022,10/31/2022,FRED MEYER 0482,Groceries,Sale,-61.25,
10/30/2022,10/31/2022,STARBUCKS 800-782-7282,Food & Drink,Sale,-25.00,
10/29/2022,10/31/2022,LOWES #01558*,Home,Sale,-54.94,
10/31/2022,10/31/2022,WWW.OBRA.ORG,Gifts & Donations,Sale,-42.00,
10/28/2022,10/31/2022,A DOGS HIDE A WAY LLC,Personal,Sale,-40.00,
10/30/2022,10/30/2022,CHEWY.COM,Shopping,Sale,-102.79,
10/27/2022,10/30/2022,PLAID PANTRY #206,Groceries,Sale,-6.53,
10/28/2022,10/30/2022,HOP*00GG3H2 TRIMET 70,Travel,Sale,-2.50,
10/30/2022,10/30/2022,AMZN Mktp US*H89284WX2,Shopping,Sale,-11.99,
10/27/2022,10/28/2022,WWW.OBRA.ORG,Gifts & Donations,Sale,-42.00,
10/27/2022,10/28/2022,Payment Thank You-Mobile,,Payment,361.39,
10/26/2022,10/27/2022,FRED MEYER 0482,Groceries,Sale,-14.07,
10/25/2022,10/26/2022,SP LITTLE SLEEPIES,Shopping,Sale,-40.90,
10/25/2022,10/26/2022,FRED MEYER,Groceries,Sale,-204.03,
10/25/2022,10/26/2022,Amazon.com*H05FS5LW0,Shopping,Sale,-14.36,
10/25/2022,10/26/2022,SP LITTLE SLEEPIES,Shopping,Sale,-28.90,
10/25/2022,10/25/2022,Payment Thank You-Mobile,,Payment,939.30,
10/24/2022,10/25/2022,Amazon.com*H02D73CC0,Shopping,Sale,-10.42,
10/24/2022,10/25/2022,FRED MEYER 0482,Groceries,Sale,-2.99,
10/24/2022,10/25/2022,Amazon.com*H804X3SI1,Shopping,Sale,-23.47,
10/23/2022,10/25/2022,MISTER TACOS 3,Food & Drink,Sale,-22.25,
10/23/2022,10/24/2022,FRED MEYER 0482,Groceries,Sale,-73.40,
10/23/2022,10/24/2022,GOOGLE *YouTube TV,Entertainment,Sale,-90.93,
10/23/2022,10/24/2022,SQ *CHIC'S COFFEE  ETC,Food & Drink,Sale,-14.00,
10/21/2022,10/24/2022,A DOGS HIDE A WAY LLC,Personal,Sale,-40.00,
10/24/2022,10/24/2022,adidas 6536 Portland,Shopping,Sale,-186.05,
10/22/2022,10/23/2022,Prime Video *H84DG76T0,Shopping,Sale,-5.99,
10/21/2022,10/23/2022,SP KATE QUINN,Shopping,Sale,-9.99,
10/22/2022,10/23/2022,FRED MEYER 0482,Groceries,Sale,-75.10,
10/21/2022,10/23/2022,Amazon.com*HT43Q92G2,Shopping,Sale,-19.26,
10/21/2022,10/23/2022,HEALTHY PAWS PET INSURAN,Bills & Utilities,Sale,-72.40,
10/21/2022,10/23/2022,MMS-PROVIDENCE ST VINCEN,Food & Drink,Sale,-3.49,
10/21/2022,10/23/2022,SPACE AGE#23,Gas,Sale,-70.82,
10/21/2022,10/23/2022,SPACE AGE#23,Gas,Sale,-10.17,
10/20/2022,10/23/2022,CHICK-FIL-A #03489,Food & Drink,Sale,-23.85,
10/21/2022,10/23/2022,WHOLEFDS TAN 10327,Groceries,Sale,-46.32,
10/21/2022,10/21/2022,Payment Thank You-Mobile,,Payment,732.07,
10/20/2022,10/21/2022,SQ *CARLSON CHILDREN'S CO,Entertainment,Sale,-14.50,
10/21/2022,10/21/2022,CHIPOTLE ONLINE,Food & Drink,Sale,-48.04,
10/19/2022,10/21/2022,MACYS   .COM,Shopping,Sale,-36.00,
10/20/2022,10/21/2022,MACYS   .COM,Shopping,Sale,-33.00,
10/20/2022,10/21/2022,TARGET        00009100,Shopping,Sale,-23.99,
10/21/2022,10/21/2022,WWW.OBRA.ORG,Gifts & Donations,Sale,-42.00,
10/19/2022,10/20/2022,UNIVERSAL CYCLES,Shopping,Sale,-92.00,
10/18/2022,10/20/2022,FRED MEYER 0482,Groceries,Sale,-51.90,
10/17/2022,10/19/2022,TANASBOURNE DENTAL CAR,Health & Wellness,Sale,-42.00,
10/18/2022,10/19/2022,REI.COM  800-426-4840,Shopping,Sale,-85.00,
10/17/2022,10/18/2022,DTV*NFLSUNDAYTICKET.TV,Bills & Utilities,Sale,-28.24,
10/16/2022,10/18/2022,MOD PIZZA TANASBOURNE,Food & Drink,Sale,-60.15,
10/17/2022,10/17/2022,Payment Thank You-Mobile,,Payment,462.48,
10/14/2022,10/17/2022,A DOGS HIDE A WAY LLC,Personal,Sale,-40.00,
10/16/2022,10/17/2022,GOOGLE *YouTubePremium,Entertainment,Sale,-6.99,
10/16/2022,10/17/2022,SQ *COAVA COFFEE ROASTERS,Food & Drink,Sale,-52.90,
10/16/2022,10/17/2022,UBER   EATS,Food & Drink,Sale,-44.43,
10/16/2022,10/17/2022,FRED MEYER 0661,Groceries,Sale,-228.46,
10/14/2022,10/16/2022,WWW.OBRA.ORG,Gifts & Donations,Sale,-42.00,
10/14/2022,10/16/2022,AMZN Mktp US*HT53P40V1,Shopping,Sale,-115.60,
10/13/2022,10/16/2022,SPORT CLIPS - OR103 - TAN,Personal,Sale,-37.00,
10/14/2022,10/16/2022,WHOLEFDS TAN 10327,Groceries,Sale,-51.29,
10/14/2022,10/16/2022,Amazon.com*HT6L52M00,Shopping,Sale,-20.55,
10/15/2022,10/16/2022,AMZN Mktp US*HT65C8XK1,Shopping,Sale,-14.39,
10/14/2022,10/16/2022,Amazon.com*HT5XS5X80,Shopping,Sale,-9.49,
10/14/2022,10/14/2022,Payment Thank You-Mobile,,Payment,1035.97,
10/13/2022,10/14/2022,AMZN Mktp US*HT1AA41A0,Shopping,Sale,-19.99,
10/13/2022,10/14/2022,SP LITTLE SLEEPIES,Shopping,Sale,-52.70,
10/13/2022,10/14/2022,APPLE.COM/BILL,Shopping,Sale,-9.99,
10/13/2022,10/14/2022,JIMMY JOHNS - 1510,Food & Drink,Sale,-22.25,
10/12/2022,10/14/2022,SAFEWAY #1230,Groceries,Sale,-38.33,
10/13/2022,10/14/2022,SP LITTLE SLEEPIES,Shopping,Sale,-28.90,
10/13/2022,10/13/2022,Amazon.com*1K7CV7QP2,Shopping,Sale,-13.75,
10/04/2022,10/13/2022,GLOBAL-E.LE COL,Shopping,Sale,-68.73,
10/11/2022,10/13/2022,SAFEWAY #1230,Groceries,Sale,-6.78,
10/13/2022,10/13/2022,CHIPOTLE ONLINE,Food & Drink,Sale,-16.30,
10/12/2022,10/13/2022,Amazon.com*1K3K72MW2,Shopping,Sale,-7.53,
10/13/2022,10/13/2022,CRUMBL TANASBOURNE,Groceries,Sale,-9.25,
10/12/2022,10/12/2022,AMZN Mktp US*HT90X94B0,Shopping,Sale,-37.73,
10/11/2022,10/12/2022,WASTE MGMT WM EZPAY,Bills & Utilities,Sale,-157.48,
10/11/2022,10/12/2022,AMZN Mktp US*1K9534PC2,Shopping,Sale,-8.95,
10/10/2022,10/12/2022,2LEVY AT OMZ,Food & Drink,Sale,-9.32,
10/11/2022,10/12/2022,SP KATE QUINN,Shopping,Sale,-44.99,
10/12/2022,10/12/2022,Prime Video*HT8717F20,Shopping,Sale,-8.99,
10/11/2022,10/12/2022,FRED MEYER,Groceries,Sale,-111.80,
10/11/2022,10/12/2022,SP LITTLE SLEEPIES,Shopping,Sale,-28.90,
10/11/2022,10/11/2022,APPLE.COM/BILL,Entertainment,Sale,-9.99,
10/11/2022,10/11/2022,SP KYTE BABY,Shopping,Sale,-50.98,
10/10/2022,10/11/2022,Amazon.com*1K5EM69Y0,Shopping,Sale,-6.96,
10/10/2022,10/11/2022,Amazon.com*1K3A379P0,Shopping,Sale,-2.39,
10/10/2022,10/11/2022,WASHINGTON PARK MOBILE,Travel,Sale,-6.10,
10/09/2022,10/11/2022,CANNON BEACH CLOTHING,Shopping,Sale,-26.75,
10/10/2022,10/11/2022,FRED MEYER 0482,Groceries,Sale,-46.76,
10/09/2022,10/11/2022,PUBLIC COAST BREWING CO,Food & Drink,Sale,-90.21,
10/10/2022,10/11/2022,APPLE.COM/BILL,Shopping,Sale,-2.99,
10/10/2022,10/10/2022,Payment Thank You-Mobile,,Payment,721.12,
10/09/2022,10/10/2022,MARINER MARKET,Groceries,Sale,-10.77,
10/09/2022,10/10/2022,FRED MEYER 0482,Groceries,Sale,-94.78,
10/09/2022,10/10/2022,SQ *FETCH CANNON BEACH,Shopping,Sale,-13.95,
10/09/2022,10/10/2022,SPACE AGE#23,Gas,Sale,-72.52,
10/07/2022,10/10/2022,A DOGS HIDE A WAY LLC,Personal,Sale,-40.00,
10/09/2022,10/10/2022,SPACE AGE#23,Gas,Sale,-5.32,
10/09/2022,10/10/2022,STARBUCKS 800-782-7282,Food & Drink,Sale,-25.00,
10/07/2022,10/09/2022,SAFEWAY #1230,Groceries,Sale,-22.96,
10/08/2022,10/09/2022,SQ *OLIVER FAMILY CONCESS,Groceries,Sale,-12.00,
10/08/2022,10/09/2022,NEW SEASONS MARKET-,Groceries,Sale,-40.77,
10/08/2022,10/09/2022,AMZN Mktp US*1K4LO8FB2,Shopping,Sale,-13.97,
10/08/2022,10/09/2022,GOOGLE *YouTube TV,Entertainment,Sale,-10.82,
10/08/2022,10/09/2022,SQ *GIMME SOME SUGAR CONC,Food & Drink,Sale,-13.00,
10/06/2022,10/07/2022,FRED MEYER 0482,Groceries,Sale,-33.16,
10/06/2022,10/07/2022,Peacock B3B5C Premium,Bills & Utilities,Sale,-4.99,
10/07/2022,10/07/2022,WWW COSTCO COM,Shopping,Sale,-59.98,
10/05/2022,10/06/2022,STATE FARM  INSURANCE,Bills & Utilities,Sale,-156.04,
10/05/2022,10/06/2022,SP EXIT56PUBLICATION,Shopping,Sale,-25.49,
10/04/2022,10/06/2022,FRED MEYER 0482,Groceries,Sale,-69.92,
10/05/2022,10/05/2022,Payment Thank You - Web,,Payment,504.72,
10/03/2022,10/05/2022,TARGET        00009100,Shopping,Sale,-24.48,
10/03/2022,10/05/2022,CHICK-FIL-A #03489,Food & Drink,Sale,-18.66,
10/04/2022,10/05/2022,CONTACTSDIRECT11010824,Health & Wellness,Sale,-214.88,
10/04/2022,10/04/2022,Payment Thank You-Mobile,,Payment,1017.00,
10/03/2022,10/04/2022,PORTLAND GENERAL ELECTRIC,Bills & Utilities,Sale,-306.01,
10/02/2022,10/04/2022,JIMMY JOHNS - 1510 - E,Food & Drink,Sale,-29.04,
10/03/2022,10/04/2022,TARGET        00009100,Shopping,Sale,-4.75,
10/03/2022,10/04/2022,FRED MEYER,Groceries,Sale,-164.92,
10/02/2022,10/03/2022,FRED MEYER 0482,Groceries,Sale,-13.63,
10/02/2022,10/03/2022,RITE AID 05339,Health & Wellness,Sale,-26.97,
10/02/2022,10/03/2022,RITE AID 05339,Health & Wellness,Sale,-17.00,
09/30/2022,10/03/2022,A DOGS HIDE A WAY LLC,Personal,Sale,-40.00,
09/30/2022,10/02/2022,UNIVERSAL CYCLES,Shopping,Return,38.90,
10/01/2022,10/02/2022,NOODLES &amp; CO WEB 812,Food & Drink,Sale,-24.47,
10/01/2022,10/02/2022,ATT*BILL PAYMENT,Bills & Utilities,Sale,-238.05,
10/01/2022,10/02/2022,SQ *KI COFFEE,Groceries,Sale,-11.25,
09/30/2022,10/02/2022,SPACE AGE#23,Gas,Sale,-64.52,
09/30/2022,10/02/2022,WHOLEFDS TAN 10327,Groceries,Sale,-84.34,
10/02/2022,10/02/2022,CHIPOTLE ONLINE,Food & Drink,Sale,-16.60,
10/01/2022,10/02/2022,CKO*Patreon* Membership,Entertainment,Sale,-5.27,
10/01/2022,10/02/2022,PP*BLACKROCKCOFFEE001,Groceries,Sale,-12.66,
10/01/2022,10/02/2022,THE ATHLETIC,Entertainment,Sale,-1.00,
09/30/2022,10/02/2022,DICKS HILLSBORO HONDA,Automotive,Sale,-165.94,
10/01/2022,10/02/2022,SQ *FARBER SWIM SCHOOL,Professional Services,Sale,-91.25,
09/30/2022,10/02/2022,APPLE.COM/BILL,Entertainment,Sale,-19.99,
09/30/2022,09/30/2022,Payment Thank You-Mobile,,Payment,724.68,
09/29/2022,09/30/2022,WWW.OBRA.ORG,Gifts & Donations,Sale,-42.00,
09/29/2022,09/30/2022,ROLOFF FAM* ROLOFF FAR,Entertainment,Sale,-57.24,
09/29/2022,09/30/2022,PARCEL MONKEY,Personal,Sale,-14.96,
09/29/2022,09/30/2022,UNIVERSAL CYCLES,Shopping,Sale,-42.00,
09/29/2022,09/30/2022,Amazon.com*148D21F50,Shopping,Sale,-66.76,
09/28/2022,09/29/2022,Amazon.com*1U4CF3SK2,Shopping,Sale,-13.99,
09/28/2022,09/29/2022,UNIVERSAL CYCLES,Shopping,Sale,-38.90,
09/27/2022,09/28/2022,SP LITTLE SLEEPIES,Shopping,Sale,-30.60,
09/27/2022,09/28/2022,WWW COSTCO COM,Shopping,Sale,-22.99,
09/28/2022,09/28/2022,AMZN Mktp US*1U5S96RQ1,Shopping,Sale,-34.86,
09/27/2022,09/28/2022,Amazon.com*1U06N7UJ1,Shopping,Sale,-10.79,
09/27/2022,09/28/2022,Amazon.com*1U5Z88UD1,Shopping,Sale,-11.50,
09/27/2022,09/28/2022,SP TENTREE,Shopping,Sale,-73.80,
09/26/2022,09/27/2022,WWW COSTCO COM,Shopping,Sale,-32.99,
09/26/2022,09/27/2022,Amazon.com*1U5DR8640,Shopping,Sale,-9.78,
09/26/2022,09/27/2022,WHOLEFDS TAN 10327,Groceries,Sale,-7.39,
09/26/2022,09/27/2022,Amazon.com*1U64F8QA0,Shopping,Sale,-24.94,
09/27/2022,09/27/2022,THE ROBERT AXLE PROJECT,Shopping,Sale,-55.50,
09/25/2022,09/27/2022,2LEVY AT OMZ,Food & Drink,Sale,-7.20,
09/26/2022,09/27/2022,FRED MEYER,Groceries,Sale,-174.51,
09/26/2022,09/27/2022,CHEWY.COM,Shopping,Sale,-129.95,
09/27/2022,09/27/2022,Payment Thank You-Mobile,,Payment,1034.53,
09/26/2022,09/27/2022,WWW COSTCO COM,Shopping,Sale,-44.99,
09/26/2022,09/26/2022,AMZN Mktp US*1U2004B70,Shopping,Sale,-8.99,
09/25/2022,09/26/2022,WASHINGTON PARK MOBILE,Travel,Sale,-8.10,
09/23/2022,09/26/2022,A DOGS HIDE A WAY LLC,Personal,Sale,-40.00,
09/25/2022,09/26/2022,Amazon.com*1U0197J92,Shopping,Sale,-7.47,
09/25/2022,09/26/2022,FRED MEYER 0482,Groceries,Sale,-17.47,
09/24/2022,09/25/2022,TARGET        00003442,Shopping,Sale,-10.00,
09/24/2022,09/25/2022,TARGET        00003442,Shopping,Sale,-82.70,
09/23/2022,09/25/2022,SPACE AGE#23,Gas,Sale,-67.26,
09/23/2022,09/25/2022,GOOGLE *YouTube TV,Shopping,Sale,-69.54,
09/23/2022,09/25/2022,WHOLEFDS TAN 10327,Groceries,Sale,-24.77,
09/24/2022,09/25/2022,AMZN Mktp US*1U5G505X1,Shopping,Sale,-16.14,
09/24/2022,09/25/2022,AMZN Mktp US*1U20V3GC0,Shopping,Sale,-25.98,
09/22/2022,09/23/2022,TRADER JOE'S #149  QPS,Groceries,Sale,-18.58,
09/21/2022,09/22/2022,ATT*BILL PAYMENT,Bills & Utilities,Sale,-232.30,
09/21/2022,09/22/2022,Amazon.com*1M75412E2,Shopping,Sale,-6.99,
09/20/2022,09/22/2022,OREGON ZOO ECOMMERCE,Entertainment,Sale,-9.00,
09/21/2022,09/22/2022,HEALTHY PAWS PET INSURAN,Bills & Utilities,Sale,-72.40,
09/21/2022,09/22/2022,Amazon.com*1U9GK4OZ0,Shopping,Sale,-12.77,
09/18/2022,09/21/2022,2LEVY AT OMZ,Food & Drink,Sale,-15.95,
09/20/2022,09/21/2022,WWW.OBRA.ORG,Gifts & Donations,Sale,-42.00,
09/20/2022,09/20/2022,PAYPAL *RADICAL,Professional Services,Sale,-25.00,
09/19/2022,09/20/2022,GOOGLE *Domains,Shopping,Sale,-12.00,
09/19/2022,09/20/2022,PP*BLACKROCKCOFFEE001,Groceries,Sale,-20.28,
09/20/2022,09/20/2022,Payment Thank You-Mobile,,Payment,1273.95,
09/19/2022,09/20/2022,FRED MEYER,Groceries,Sale,-188.84,
09/16/2022,09/19/2022,A DOGS HIDE A WAY LLC,Personal,Sale,-40.00,
09/18/2022,09/19/2022,WASHINGTON PARK MOBILE,Travel,Sale,-6.10,
09/18/2022,09/19/2022,FRED MEYER 0482,Groceries,Sale,-41.10,
09/18/2022,09/19/2022,DTV*NFLSUNDAYTICKET.TV,Bills & Utilities,Sale,-28.24,
09/18/2022,09/19/2022,APPLE.COM/BILL,Entertainment,Sale,-4.99,
09/18/2022,09/19/2022,OREGON ZOO,Shopping,Sale,-12.60,
09/18/2022,09/18/2022,CHIPOTLE ONLINE,Food & Drink,Sale,-22.81,
09/16/2022,09/18/2022,WASHINGTON PARK MOBILE,Travel,Sale,-8.10,
09/16/2022,09/18/2022,FRED MEYER 0482,Groceries,Sale,-159.00,
09/16/2022,09/18/2022,AMZN Mktp US*1M60I0OS2,Shopping,Sale,-10.99,
09/16/2022,09/18/2022,2LEVY AT OMZ,Food & Drink,Sale,-11.68,
09/16/2022,09/18/2022,AMZN Mktp US*1M23D00I0,Shopping,Sale,-8.99,
09/16/2022,09/18/2022,GOOGLE *YouTubePremium,Entertainment,Sale,-6.99,
09/15/2022,09/18/2022,ALASKA AIR  0272311601790,Travel,Sale,-377.20,
09/15/2022,09/18/2022,ALASKA AIR  0272311601789,Travel,Sale,-377.20,
09/15/2022,09/16/2022,SP KATE QUINN,Shopping,Sale,-37.99,
09/15/2022,09/16/2022,Amazon.com*1M94C6G81,Shopping,Sale,-6.99,
09/14/2022,09/15/2022,ULTA.COM,Shopping,Sale,-46.50,
09/15/2022,09/15/2022,SP OLIVER AND RAIN,Shopping,Sale,-40.49,
09/14/2022,09/15/2022,Amazon.com*1M9KN2AH1,Shopping,Sale,-13.99,
09/15/2022,09/15/2022,Payment Thank You-Mobile,,Payment,1114.22,
09/14/2022,09/15/2022,Amazon.com*1M45X1E61,Shopping,Sale,-12.00,
09/12/2022,09/14/2022,MYCHART OHSU,Health & Wellness,Sale,-212.86,
09/13/2022,09/14/2022,APPLE.COM/BILL,Shopping,Sale,-9.99,
09/13/2022,09/14/2022,FRED MEYER,Groceries,Sale,-199.75,
09/13/2022,09/14/2022,SP LITTLE SLEEPIES,Shopping,Sale,-28.90,
09/13/2022,09/14/2022,AMZN Mktp US*1F16G7U30,Shopping,Sale,-40.99,
09/13/2022,09/14/2022,PETSMART # 2051,Shopping,Sale,-61.99,
09/13/2022,09/14/2022,AMZN Mktp US*1M09R3Z21,Shopping,Sale,-17.99,
09/12/2022,09/13/2022,FRED MEYER 0482,Groceries,Sale,-44.90,
09/13/2022,09/13/2022,Amazon.com*1F51S2X92,Shopping,Sale,-12.97,
09/12/2022,09/13/2022,OREGON ZOO FOUNDATION,Gifts & Donations,Sale,-84.00,
09/12/2022,09/13/2022,Amazon.com*1F2HS6ST0,Shopping,Sale,-6.99,
09/12/2022,09/13/2022,TST* HOPS N DROPS - TANAS,Food & Drink,Sale,-71.58,
09/11/2022,09/12/2022,ZTL*LIEPOLD JAVA,Groceries,Sale,-5.75,
09/12/2022,09/12/2022,Prime Video*1F4JQ2Q20,Shopping,Sale,-8.99,
09/12/2022,09/12/2022,PEETSCOFFEE/MIGHTYLEAF,Food & Drink,Sale,-32.92,
09/11/2022,09/12/2022,BLUES BBQ AND BREWS,Food & Drink,Sale,-8.40,
09/09/2022,09/12/2022,A DOGS HIDE A WAY LLC,Personal,Sale,-8.00,
09/11/2022,09/12/2022,AMZN Mktp US*1F49R0R81,Shopping,Sale,-12.98,
09/11/2022,09/12/2022,BLUES BBQ AND BREWS,Food & Drink,Sale,-43.66,
09/10/2022,09/12/2022,TARGET        00009100,Shopping,Sale,-11.05,
09/11/2022,09/12/2022,Payment Thank You-Mobile,,Payment,162.08,
09/11/2022,09/12/2022,MARSHALLS #855,Shopping,Sale,-11.98,
09/10/2022,09/11/2022,Amazon.com*1F02K3P80,Shopping,Sale,-9.23,
09/09/2022,09/11/2022,WASHINGTON PARK MOBILE,Travel,Sale,-8.10,
09/08/2022,09/11/2022,ECRU,Shopping,Sale,-5.75,
09/08/2022,09/11/2022,OREGON ZOO ECOMMERCE,Entertainment,Sale,-24.00,
09/09/2022,09/11/2022,Payment Thank You - Web,,Payment,162.08,
09/10/2022,09/11/2022,WHOLEFDS TAN 10327,Groceries,Sale,-79.73,
09/10/2022,09/11/2022,APPLE.COM/BILL,Entertainment,Sale,-9.99,
09/10/2022,09/11/2022,OREGON MUS OF SCI &amp; IN,Shopping,Sale,-18.00,
09/09/2022,09/11/2022,SPACE AGE#23,Gas,Sale,-66.35,
09/09/2022,09/11/2022,WHOLEFDS TAN 10327,Groceries,Sale,-42.82,
09/09/2022,09/11/2022,OREGON ZOO,Shopping,Sale,-20.00,
09/09/2022,09/11/2022,APPLE.COM/BILL,Shopping,Sale,-2.99,
09/09/2022,09/11/2022,SQ *ZEDS REAL FRUIT ICE C,Food & Drink,Sale,-5.90,
09/08/2022,09/11/2022,JIMMY JOHNS - 1510 - E,Food & Drink,Sale,-16.45,
09/09/2022,09/11/2022,2LEVY AT OMZ,Food & Drink,Sale,-15.95,
09/08/2022,09/11/2022,ZONA ROSA,Food & Drink,Sale,-14.40,
09/09/2022,09/09/2022,Payment Thank You-Mobile,,Payment,485.85,
09/07/2022,09/09/2022,SAFEWAY #1230,Groceries,Sale,-13.59,
09/08/2022,09/09/2022,STATE FARM  INSURANCE,Bills & Utilities,Sale,-148.49,
09/07/2022,09/08/2022,WHOLEFDS TAN 10327,Groceries,Sale,-6.99,
09/07/2022,09/08/2022,WWW.OBRA.ORG,Gifts & Donations,Sale,-42.00,
09/07/2022,09/07/2022,CRUMBL TANASBOURNE,Groceries,Sale,-24.24,
09/05/2022,09/07/2022,MENCHIE`S FROZEN YOGURT,Food & Drink,Sale,-24.07,
09/06/2022,09/07/2022,SP LITTLE SLEEPIES,Shopping,Sale,-28.90,
09/06/2022,09/07/2022,MED*PROVIDENCE HLTH SRVC,Health & Wellness,Sale,-73.65,
09/06/2022,09/07/2022,Peacock F5ED9 Premium,Bills & Utilities,Sale,-4.99,
09/06/2022,09/07/2022,FRED MEYER,Groceries,Sale,-240.39,
09/06/2022,09/07/2022,REI.COM  800-426-4840,Shopping,Sale,-6.51,
09/06/2022,09/07/2022,Amazon.com*1V6R45MX2,Shopping,Sale,-13.98,
09/06/2022,09/06/2022,Payment Thank You-Mobile,,Payment,375.05,
09/05/2022,09/06/2022,TRADER JOE'S #149  QPS,Groceries,Sale,-20.13,
09/02/2022,09/05/2022,A DOGS HIDE A WAY LLC,Personal,Sale,-40.00,
09/04/2022,09/05/2022,SQ *FRY BAR,Food & Drink,Sale,-15.60,
09/04/2022,09/05/2022,SQ *PRETEA,Food & Drink,Sale,-14.04,
09/04/2022,09/05/2022,Amazon.com*1F0ZC8O91,Shopping,Sale,-6.99,
09/04/2022,09/05/2022,SQ *L?AUBERGE,Food & Drink,Sale,-16.79,
09/04/2022,09/05/2022,SQ *AYBLA MEDITERRANEAN G,Food & Drink,Sale,-12.00,
09/04/2022,09/05/2022,SQ *PIZZAFORTE  LLC,Food & Drink,Sale,-12.00,
09/02/2022,09/04/2022,WILDWOOD TAPHOUSE,Food & Drink,Sale,-42.32,
09/02/2022,09/04/2022,AMZN Mktp US*1V8I66EI0,Shopping,Sale,-11.99,
09/03/2022,09/04/2022,WHOLEFDS TAN 10327,Groceries,Sale,-41.72,
09/02/2022,09/04/2022,JERSEY MIKES 32014,Food & Drink,Sale,-32.27,
09/02/2022,09/04/2022,CKO*Patreon* Membership,Entertainment,Sale,-5.09,
09/03/2022,09/04/2022,Payment Thank You-Mobile,,Payment,656.93,
09/02/2022,09/04/2022,WHOLEFDS TAN 10327,Groceries,Sale,-86.19,
09/02/2022,09/04/2022,AMZN Mktp US*1V8G331Y0,Shopping,Sale,-16.99,
09/02/2022,09/04/2022,AMZN Mktp US*1V9YT51S0,Shopping,Sale,-21.06,
09/01/2022,09/02/2022,THE ATHLETIC,Entertainment,Sale,-1.00,
08/31/2022,09/01/2022,APPLE.COM/BILL,Shopping,Sale,-59.99,
09/01/2022,09/01/2022,UBER   EATS,Food & Drink,Sale,-54.50,
08/31/2022,09/01/2022,APPLE.COM/BILL,Entertainment,Sale,-19.99,
08/31/2022,09/01/2022,Amazon.com*1V3042851,Shopping,Sale,-9.99,
08/30/2022,08/31/2022,Amazon.com*PK4JZ3ZP3,Shopping,Sale,-11.99,
08/31/2022,08/31/2022,Amazon.com*UT9YH6BC3,Shopping,Sale,-9.90,
08/30/2022,08/31/2022,HOP*00FQSRM TRIMET 70,Travel,Sale,-2.50,
08/29/2022,08/31/2022,SPORT CLIPS - OR103 - TAN,Personal,Sale,-34.50,
08/29/2022,08/30/2022,Amazon.com*1V11M11O1,Shopping,Sale,-24.94,
08/29/2022,08/30/2022,FRED MEYER,Groceries,Sale,-150.16,
08/29/2022,08/30/2022,GAP ONLINE,Shopping,Sale,-31.97,
08/29/2022,08/30/2022,SP LITTLE SLEEPIES,Shopping,Sale,-28.90,
08/28/2022,08/30/2022,CANNON BEACH CLOTHING,Shopping,Sale,-21.50,
08/29/2022,08/29/2022,Payment Thank You-Mobile,,Payment,578.67,
08/28/2022,08/29/2022,FRED MEYER 0482,Groceries,Sale,-16.17,
08/28/2022,08/29/2022,SQ *SMOKEHOUSE CAFE,Food & Drink,Sale,-9.00,
08/28/2022,08/29/2022,FRED MEYER 0482,Groceries,Sale,-19.98,
08/28/2022,08/29/2022,FRED MEYER 0482,Groceries,Sale,-0.67,
08/28/2022,08/29/2022,SPACE AGE#23,Gas,Sale,-62.79,
08/28/2022,08/29/2022,SQ *SUZY'S SCOOPS,Food & Drink,Sale,-5.62,
08/28/2022,08/29/2022,SQ *CREPE NEPTUNE  LLC,Food & Drink,Sale,-39.85,
08/27/2022,08/29/2022,CHICK-FIL-A #03984,Food & Drink,Sale,-25.61,
08/28/2022,08/29/2022,STARBUCKS 800-782-7282,Food & Drink,Sale,-21.40,
08/28/2022,08/29/2022,SP KATE QUINN,Shopping,Return,5.99,
08/26/2022,08/28/2022,HM.COM,Shopping,Sale,-59.50,
08/27/2022,08/28/2022,WWW.OBRA.ORG,Gifts & Donations,Sale,-42.00,
08/28/2022,08/28/2022,SP LITTLE SLEEPIES,Shopping,Sale,-50.15,
08/26/2022,08/28/2022,PETSMART # 2051,Shopping,Sale,-25.98,
08/26/2022,08/28/2022,Amazon.com*X187U4JR3,Shopping,Sale,-14.98,
08/27/2022,08/28/2022,WHOLEFDS TAN 10327,Groceries,Sale,-49.35,
08/27/2022,08/28/2022,AMZN Mktp US*KT2T62AF3,Shopping,Sale,-27.99,
08/27/2022,08/28/2022,Amazon.com*TH6EF7KO3,Shopping,Sale,-9.42,
08/26/2022,08/28/2022,TANASBOURNE GROCERY,Groceries,Sale,-24.81,
08/27/2022,08/28/2022,SP KATE QUINN,Shopping,Sale,-49.99,
08/28/2022,08/28/2022,CHIPOTLE ONLINE,Food & Drink,Sale,-13.15,
08/27/2022,08/28/2022,SP KATE QUINN,Shopping,Sale,-22.99,
08/26/2022,08/28/2022,JIMMY JOHNS - 1510 - E,Food & Drink,Sale,-13.80,
08/24/2022,08/26/2022,SAFEWAY #1230,Groceries,Sale,-23.86,
08/25/2022,08/26/2022,365 Market  888 432-3299,Food & Drink,Sale,-5.38,
08/22/2022,08/25/2022,A DOGS HIDE A WAY LLC,Personal,Sale,-40.00,
08/24/2022,08/24/2022,Payment Thank You-Mobile,,Payment,527.74,
08/23/2022,08/24/2022,KINDERCARE,Personal,Sale,-104.12,
08/23/2022,08/24/2022,CITY OF PORTLAND DEPT,Travel,Sale,-1.20,
08/21/2022,08/23/2022,REI #89 HILLSBORO,Shopping,Sale,-9.50,
08/21/2022,08/23/2022,MENCHIE`S FROZEN YOGURT,Food & Drink,Sale,-22.84,
08/22/2022,08/23/2022,QDOBA 2244 OLO,Food & Drink,Sale,-29.65,
08/22/2022,08/23/2022,WWW COSTCO COM,Shopping,Sale,-44.99,
08/21/2022,08/23/2022,REI #89 HILLSBORO,Shopping,Return,59.00,
08/23/2022,08/23/2022,Nike.com,Shopping,Sale,-26.97,
08/22/2022,08/23/2022,SP LIONS-PRIDE.COM,Shopping,Sale,-40.00,
08/22/2022,08/23/2022,WWW COSTCO COM,Shopping,Sale,-18.49,
08/21/2022,08/22/2022,FRED MEYER 0661,Groceries,Sale,-38.67,
08/21/2022,08/22/2022,FRED MEYER 0661,Groceries,Sale,-216.36,
08/20/2022,08/22/2022,SPEAKEASY,Food & Drink,Sale,-14.00,
08/21/2022,08/22/2022,HEALTHY PAWS PET INSURAN,Bills & Utilities,Sale,-72.40,
08/20/2022,08/22/2022,CHICK-FIL-A #03984,Food & Drink,Sale,-25.68,
08/20/2022,08/22/2022,CITY OF PORTLAND DEPT,Travel,Sale,-4.20,
08/22/2022,08/22/2022,Payment Thank You - Web,,Payment,263.27,
08/21/2022,08/22/2022,Etsy.com - SuperVizsla,Shopping,Sale,-22.99,
08/20/2022,08/21/2022,SP BICICLISTAUS,Shopping,Sale,-80.00,
08/20/2022,08/21/2022,SQ *OREGON BICYCLE RACING,Personal,Sale,-12.00,
08/20/2022,08/21/2022,WOLFS HEAD BURGERHOUSE,Food & Drink,Sale,-46.80,
08/19/2022,08/21/2022,Amazon.com*TP6DU5GC3,Groceries,Sale,-72.16,
08/18/2022,08/21/2022,STARBUCKS STORE 00463,Food & Drink,Sale,-5.80,
08/19/2022,08/19/2022,Payment Thank You - Web,,Payment,369.81,
08/18/2022,08/19/2022,365 Market  888 432-3299,Food & Drink,Sale,-6.74,
08/19/2022,08/19/2022,NOODLES &amp; CO WEB 812,Food & Drink,Sale,-39.77,
08/17/2022,08/18/2022,WHOLEFDS TAN 10327,Groceries,Sale,-9.99,
08/17/2022,08/18/2022,Nike.com,Shopping,Sale,-24.97,
08/17/2022,08/18/2022,BWW 3292 HILLSBORO,Food & Drink,Sale,-50.98,
08/16/2022,08/17/2022,SP LITTLE SLEEPIES,Shopping,Sale,-32.30,
08/15/2022,08/17/2022,A DOGS HIDE A WAY LLC,Personal,Sale,-40.00,
08/16/2022,08/17/2022,SQ *SLOWBOMB COFFEEHOUSE,Food & Drink,Sale,-9.25,
08/16/2022,08/17/2022,76 - PLAID PANTRY 206,Gas,Sale,-71.88,
08/16/2022,08/17/2022,SP LITTLE SLEEPIES,Shopping,Sale,-80.75,
08/16/2022,08/16/2022,CRUMBL TANASBOURNE,Groceries,Sale,-18.00,
08/15/2022,08/15/2022,Payment Thank You-Mobile,,Payment,479.26,
08/15/2022,08/15/2022,SQ *LEKA PLAYLAND  INC,Entertainment,Sale,-2.00,
08/13/2022,08/15/2022,CHICK-FIL-A #03984,Food & Drink,Sale,-24.69,
08/14/2022,08/15/2022,SQ *LEKA PLAYLAND  INC,Entertainment,Sale,-4.00,
08/15/2022,08/15/2022,SQ *LEKA PLAYLAND  INC,Entertainment,Sale,-1.00,
08/13/2022,08/14/2022,SP HOMEFIELD,Shopping,Sale,-33.90,
08/12/2022,08/14/2022,REI.COM  800-426-4840,Shopping,Sale,-77.00,
08/12/2022,08/14/2022,EGIFTEREGIFTERCOM,Shopping,Sale,-25.99,
08/13/2022,08/14/2022,APPLE.COM/BILL,Shopping,Sale,-9.99,
08/13/2022,08/14/2022,UBER   EATS,Food & Drink,Sale,-54.50,
08/13/2022,08/14/2022,TARGET        00003442,Shopping,Sale,-57.78,
08/13/2022,08/14/2022,TARGET        00003442,Shopping,Sale,-6.90,
08/11/2022,08/12/2022,WHOLEFDS TAN 10327,Groceries,Sale,-2.89,
08/10/2022,08/12/2022,CM ACCOUNTING,Professional Services,Sale,-37.99,
08/11/2022,08/11/2022,Payment Thank You-Mobile,,Payment,563.61,
08/10/2022,08/11/2022,WWW COSTCO COM,Shopping,Sale,-60.00,
08/10/2022,08/11/2022,Parcel Monkey Ltd,Personal,Sale,-10.71,
08/10/2022,08/11/2022,WHOLEFDS TAN 10327,Groceries,Sale,-70.66,
08/09/2022,08/11/2022,ECRU,Shopping,Sale,-30.95,
08/09/2022,08/10/2022,365 Market  888 432-3299,Food & Drink,Sale,-3.89,
08/09/2022,08/10/2022,APPLE.COM/BILL,Shopping,Sale,-2.99,
08/10/2022,08/10/2022,PAYPAL *WESTERN BID,Shopping,Sale,-40.79,
08/09/2022,08/10/2022,SQ *LEGACY SEASONS,Food & Drink,Sale,-15.60,
08/08/2022,08/09/2022,FRED MEYER,Groceries,Sale,-216.97,
08/07/2022,08/08/2022,WSDOT-GOODTOGO ONLINE,Travel,Sale,-6.40,
08/06/2022,08/08/2022,PUBLIC COAST BREWING CO,Food & Drink,Sale,-54.40,
08/06/2022,08/08/2022,PUBLIC COAST BREWING CO,Food & Drink,Sale,-81.16,
08/07/2022,08/08/2022,FRED MEYER 0482,Groceries,Sale,-13.97,
08/07/2022,08/08/2022,PP*BLACKROCKCOFFEE001,Groceries,Sale,-12.88,
08/06/2022,08/08/2022,SHELL OIL 57443149208,Gas,Sale,-79.12,
08/06/2022,08/07/2022,Peacock C6EBD Premium,Bills & Utilities,Sale,-4.99,
08/07/2022,08/07/2022,Payment Thank You - Web,,Payment,254.08,
08/07/2022,08/07/2022,STARBUCKS 800-782-7282,Food & Drink,Sale,-13.65,
08/05/2022,08/07/2022,76 - CENTURY PETROLEUM,Gas,Sale,-16.80,
08/04/2022,08/05/2022,SMITHOPTICS.COM,Shopping,Sale,-119.00,
08/03/2022,08/05/2022,FRED MEYER 0482,Groceries,Sale,-63.09,
08/05/2022,08/05/2022,APPLE.COM/BILL,Shopping,Sale,-39.99,
08/04/2022,08/05/2022,TST* NOTHING BUNDT CAKES,Food & Drink,Sale,-32.00,
08/04/2022,08/04/2022,Payment Thank You-Mobile,,Payment,467.87,
08/02/2022,08/03/2022,SP LITTLE SLEEPIES,Shopping,Sale,-77.35,
08/01/2022,08/03/2022,SAFEWAY #1230,Groceries,Sale,-25.33,
08/02/2022,08/03/2022,PAYPAL *FARBERSWIM,Home,Sale,-73.00,
08/01/2022,08/03/2022,STARBUCKS STORE 14026,Food & Drink,Sale,-17.30,
08/02/2022,08/03/2022,FRED MEYER 0482,Groceries,Sale,-24.42,
08/01/2022,08/02/2022,FRED MEYER 0482,Groceries,Sale,-187.15,
08/01/2022,08/02/2022,THE ATHLETIC,Entertainment,Sale,-1.00,
08/02/2022,08/02/2022,Amazon.com*1O0A25XN3,Shopping,Sale,-10.98,
08/01/2022,08/02/2022,WWW.OBRA.ORG,Gifts & Donations,Sale,-42.00,
07/31/2022,08/02/2022,TAILWIND HHH,Food & Drink,Sale,-3.34,
08/02/2022,08/02/2022,AMZN Mktp US*D40N99DP3,Shopping,Sale,-6.00,
07/31/2022,07/31/2022,Payment Thank You-Mobile,,Payment,187.18,
07/28/2022,07/29/2022,SP LITTLE SLEEPIES,Shopping,Sale,-27.20,
07/28/2022,07/28/2022,Payment Thank You-Mobile,,Payment,401.55,
07/28/2022,07/28/2022,BCY*BACKCOUNTRY.COM,Shopping,Sale,-159.98,
07/24/2022,07/25/2022,CKE*ISLAND BAGEL &amp; DELI H,Food & Drink,Sale,-17.47,
07/23/2022,07/25/2022,DCA WASHINGTONIAN SHOP,Shopping,Sale,-19.08,
07/22/2022,07/24/2022,HYATT HOUSE PITTSBURGH,Travel,Sale,-191.75,
07/22/2022,07/24/2022,Payment Thank You-Mobile,,Payment,331.65,
07/22/2022,07/24/2022,HYATT HOUSE PITTSBURGH,Travel,Sale,-20.00,
07/21/2022,07/22/2022,HEALTHY PAWS PET INSURAN,Bills & Utilities,Sale,-72.40,
07/22/2022,07/22/2022,APPLE.COM/BILL,Shopping,Sale,-59.99,
07/21/2022,07/22/2022,ULTA.COM,Shopping,Sale,-20.86,
07/20/2022,07/21/2022,WAFFLES INCAFFEINATED CAR,Food & Drink,Sale,-22.55,
07/19/2022,07/21/2022,IDLEWILD,Entertainment,Sale,-5.29,
07/21/2022,07/21/2022,TRANSACTION FEE,Fees & Adjustments,Fee,-10.00,
07/21/2022,07/21/2022,MGM*BETMGM CR &amp; DB,Entertainment,Cash Advance,-20.00,
07/19/2022,07/20/2022,IDLEWILD WEB,Entertainment,Sale,-153.95,
07/18/2022,07/19/2022,ROMP N ROLL PITTSBURGH,Health & Wellness,Sale,-10.00,
07/16/2022,07/17/2022,Peacock BA102 PremPlus,Bills & Utilities,Sale,-5.00,
07/14/2022,07/17/2022,ALASKA AIR  0272305192334,Travel,Sale,-30.00,
07/15/2022,07/17/2022,LIM*RIDE COST,Entertainment,Sale,-7.65,
07/14/2022,07/17/2022,SAFEWAY #1230,Groceries,Sale,-22.98,
07/15/2022,07/17/2022,LIM*RIDE COST,Entertainment,Sale,-3.80,
07/15/2022,07/17/2022,RITE AID 00274,Health & Wellness,Sale,-32.44,
07/16/2022,07/17/2022,Payment Thank You-Mobile,,Payment,356.57,
07/15/2022,07/17/2022,RITE AID 00274,Health & Wellness,Sale,-7.99,
07/13/2022,07/15/2022,BELMONT STATION - SE STAR,Groceries,Sale,-36.78,
07/14/2022,07/15/2022,PP*BLACKROCKCOFFEE001,Groceries,Sale,-5.45,
07/13/2022,07/14/2022,Amazon.com*B93JF2FA3,Shopping,Sale,-9.31,
07/13/2022,07/14/2022,APPLE.COM/BILL,Shopping,Sale,-9.99,
07/13/2022,07/14/2022,PP*BLACKROCKCOFFEE001,Groceries,Sale,-5.45,
07/13/2022,07/13/2022,Payment Thank You-Mobile,,Payment,1236.23,
07/12/2022,07/13/2022,UNIVERSAL CYCLES,Shopping,Sale,-199.98,
07/12/2022,07/13/2022,FRED MEYER 0255,Groceries,Sale,-11.48,
07/12/2022,07/13/2022,PP*BLACKROCKCOFFEE001,Groceries,Sale,-3.45,
07/11/2022,07/13/2022,SAFEWAY #1230,Groceries,Sale,-32.83,
07/12/2022,07/13/2022,SP LITTLE SLEEPIES,Shopping,Sale,-27.20,
07/13/2022,07/13/2022,CHIPOTLE ONLINE,Food & Drink,Sale,-14.65,
07/12/2022,07/12/2022,CRUMBL TANASBOURNE,Groceries,Sale,-18.00,
07/11/2022,07/12/2022,WWW.OBRA.ORG,Gifts & Donations,Sale,-46.25,
07/11/2022,07/12/2022,TARGET        00012195,Shopping,Sale,-19.66,
07/10/2022,07/12/2022,ARCO#83031FIELDS ARCO AM,Gas,Sale,-42.02,
07/10/2022,07/12/2022,DOUBLETREE SEATTLE AIRPOR,Travel,Sale,-38.00,
07/10/2022,07/12/2022,DOUBLETREE FOOD BEV,Food & Drink,Sale,-10.81,
07/10/2022,07/12/2022,LUX PERPETUA,Food & Drink,Sale,-26.25,
07/10/2022,07/12/2022,ALASKA AIR  0272304703230,Travel,Sale,-70.00,
07/10/2022,07/12/2022,DOUBLETREE HTL AIRPORT,Travel,Sale,-38.51,
07/10/2022,07/12/2022,DILETTANTE MOCHA CAFE - C,Food & Drink,Sale,-16.52,
07/11/2022,07/12/2022,TARGET.COM  *,Shopping,Sale,-49.91,
07/10/2022,07/11/2022,ZUPAN'S MARKET,Groceries,Sale,-10.13,
07/10/2022,07/11/2022,STIA PUBLIC PARKING,Travel,Sale,-7.00,
07/10/2022,07/11/2022,REPUBLIC PARKING 30 562,Travel,Sale,-27.00,
07/09/2022,07/11/2022,AE OUTF ONLINE00029538,Shopping,Sale,-40.06,
07/10/2022,07/11/2022,ALASKA WIFI BY GOGO,Bills & Utilities,Sale,-8.00,
07/09/2022,07/11/2022,DOUBLETREE SEATTLE AIRPOR,Travel,Sale,-15.00,
07/11/2022,07/11/2022,CHIPOTLE ONLINE,Food & Drink,Sale,-14.65,
07/10/2022,07/11/2022,TST* SEATTLE PIZZERIA &amp; B,Food & Drink,Sale,-54.46,
07/09/2022,07/10/2022,STARBUCKS 800-782-7282,Food & Drink,Sale,-17.30,
07/09/2022,07/10/2022,TST* CERES ROASTING COMPA,Food & Drink,Sale,-17.97,
07/07/2022,07/10/2022,STARBUCKS STORE 14026,Food & Drink,Sale,-12.15,
07/07/2022,07/10/2022,ZONA ROSA,Food & Drink,Sale,-15.60,
07/09/2022,07/10/2022,APPLE.COM/BILL,Shopping,Sale,-2.99,
07/09/2022,07/10/2022,SPACE AGE#23,Gas,Sale,-60.81,
07/09/2022,07/10/2022,SEATTLE CHILDRENS MUS,Gifts & Donations,Sale,-24.00,
07/09/2022,07/10/2022,TARGET        00009100,Shopping,Sale,-45.47,
07/09/2022,07/10/2022,FRED MEYER 0028,Groceries,Sale,-20.38,
07/06/2022,07/08/2022,PANERA BREAD #202162 P,Food & Drink,Sale,-29.64,
07/06/2022,07/08/2022,FRED MEYER 0482,Groceries,Sale,-42.75,
07/06/2022,07/07/2022,SQ *LEKA PLAYLAND  INC,Entertainment,Sale,-14.00,
07/06/2022,07/07/2022,WWW.RACEDOTS.COM,Shopping,Sale,-25.94,
06/30/2022,07/06/2022,GLOBAL-E.LE COL,Shopping,Sale,-45.70,
07/04/2022,07/06/2022,3 SISTERS FUEL STOP,Gas,Sale,-57.01,
07/04/2022,07/06/2022,TARGET        00009100,Shopping,Sale,-20.38,
07/05/2022,07/06/2022,FRED MEYER 0482,Groceries,Sale,-110.66,
07/05/2022,07/06/2022,WWW.OBRA.ORG,Gifts & Donations,Sale,-26.25,
07/05/2022,07/06/2022,BOUFFANT SALON CEDAR HL,Personal,Sale,-95.00,
07/05/2022,07/06/2022,Payment Thank You-Mobile,,Payment,468.37,
07/04/2022,07/05/2022,TST* The Barn In Sisters,Food & Drink,Sale,-27.60,
06/30/2022,07/05/2022,GLOBAL-E.LE COL,Shopping,Sale,-18.75,
07/03/2022,07/05/2022,TST* Bend Brewing Company,Food & Drink,Sale,-16.88,
07/04/2022,07/05/2022,SQ *SISTERS COFFEE COMPAN,Food & Drink,Sale,-38.09,
07/04/2022,07/05/2022,TST* THAILANDER,Food & Drink,Sale,-25.37,
07/04/2022,07/05/2022,Payment Thank You-Mobile,,Payment,546.70,
07/03/2022,07/05/2022,SAFEWAY #1888,Groceries,Sale,-23.88,
07/03/2022,07/04/2022,Amazon.com*9769V7VE3,Shopping,Sale,-100.00,
07/02/2022,07/04/2022,STARBUCKS STORE 02815,Food & Drink,Sale,-8.90,
07/03/2022,07/04/2022,SQ *THE COMMONS CAFE,Food & Drink,Sale,-12.00,
07/02/2022,07/04/2022,GOODLIFEBREWING_1,Food & Drink,Sale,-50.00,
07/03/2022,07/04/2022,Peacock 3AA7C Premium,Bills & Utilities,Sale,-4.99,
07/04/2022,07/04/2022,SP THE BEND STORE,Shopping,Sale,-35.00,
07/03/2022,07/04/2022,TST* Life &amp; Time Free Ran,Food & Drink,Sale,-30.25,
07/01/2022,07/04/2022,GOODLIFEBREWING_1,Food & Drink,Sale,-64.66,
07/03/2022,07/04/2022,DISCOVERYOURNORTHWEST,Shopping,Sale,-5.00,
07/03/2022,07/04/2022,SQ *THUMP COFFEE DOWNTOWN,Food & Drink,Sale,-7.00,
07/01/2022,07/03/2022,TARGET.COM  *,Shopping,Sale,-47.98,
07/01/2022,07/03/2022,FSP*PATAGONIA BEND,Shopping,Sale,-29.00,
07/01/2022,07/03/2022,SQ *SISTERS COFFEE COMPAN,Food & Drink,Sale,-9.00,
07/02/2022,07/03/2022,STARBUCKS 800-782-7282,Food & Drink,Sale,-14.05,
07/01/2022,07/03/2022,TST* Bend Brewing Company,Food & Drink,Sale,-17.00,
07/01/2022,07/03/2022,TST* Bend Brewing Company,Food & Drink,Sale,-15.60,
07/01/2022,07/03/2022,76 - CENTURY PETROLEUM,Gas,Sale,-68.00,
07/01/2022,07/03/2022,PAYPAL *FARBERSWIM,Home,Sale,-18.25,
07/01/2022,07/03/2022,TST* Bend Brewing Company,Food & Drink,Sale,-124.80,
07/01/2022,07/03/2022,SAFEWAY #1888,Groceries,Sale,-128.64,
07/01/2022,07/03/2022,TST* Bend Brewing Company,Food & Drink,Sale,-36.00,
07/02/2022,07/03/2022,Payment Thank You-Mobile,,Payment,1972.35,
07/02/2022,07/03/2022,K MARKET,Groceries,Sale,-10.39,
07/02/2022,07/03/2022,AMZN Mktp US*UF87C99A3,Shopping,Sale,-27.99,
06/30/2022,07/01/2022,SP LITTLE SLEEPIES,Shopping,Sale,-27.20,
06/29/2022,07/01/2022,OREGON ZOO ECOMMERCE,Entertainment,Sale,-25.00,
